    WARNING: The character   (U+202f) exists in the entry for VK_SPACE, ShiftState 'Shift' of the layout table and is not in the default system code page (1252) of the French (France) language you specified. This may cause compatibility problems in non-Unicode applications.
    WARNING: The character ⩽ (U+2a7d) exists in the entry for VK_4, ShiftState 'Shift+Ctl+Alt' of the layout table and is not in the default system code page (1252) of the French (France) language you specified. This may cause compatibility problems in non-Unicode applications.
    WARNING: The character ⩾ (U+2a7e) exists in the entry for VK_5, ShiftState 'Shift+Ctl+Alt' of the layout table and is not in the default system code page (1252) of the French (France) language you specified. This may cause compatibility problems in non-Unicode applications.
    WARNING: The character − (U+2212) exists in the entry for VK_8, ShiftState 'Ctl+Alt' of the layout table and is not in the default system code page (1252) of the French (France) language you specified. This may cause compatibility problems in non-Unicode applications.
    WARNING: The character ∞ (U+221e) exists in the entry for VK_D, ShiftState 'Ctl+Alt' of the layout table and is not in the default system code page (1252) of the French (France) language you specified. This may cause compatibility problems in non-Unicode applications.
    WARNING: The character ˛ (U+02db) exists in the entry for VK_F, ShiftState 'Ctl+Alt' of the layout table and is not in the default system code page (1252) of the French (France) language you specified. This may cause compatibility problems in non-Unicode applications.
    WARNING: The character ˙ (U+02d9) exists in the entry for VK_I, ShiftState 'Shift+Ctl+Alt' of the layout table and is not in the default system code page (1252) of the French (France) language you specified. This may cause compatibility problems in non-Unicode applications.
    WARNING: The character ‑ (U+2011) exists in the entry for VK_K, ShiftState 'Shift+Ctl+Alt' of the layout table and is not in the default system code page (1252) of the French (France) language you specified. This may cause compatibility problems in non-Unicode applications.
    WARNING: / (U+002f) is already defined more than once on the keyboard (on VK_L, ShiftState 'Ctl+Alt' and VK_9, ShiftState 'Base').
    WARNING: ~ (U+007e) is already defined more than once on the keyboard (on VK_N, ShiftState 'Ctl+Alt' and VK_K, ShiftState 'Ctl+Alt').
    WARNING: The character ˚ (U+02da) exists in the entry for VK_Q, ShiftState 'Ctl+Alt' of the layout table and is not in the default system code page (1252) of the French (France) language you specified. This may cause compatibility problems in non-Unicode applications.
    WARNING: The character ˘ (U+02d8) exists in the entry for VK_R, ShiftState 'Ctl+Alt' of the layout table and is not in the default system code page (1252) of the French (France) language you specified. This may cause compatibility problems in non-Unicode applications.
    WARNING: The character ſ (U+017f) exists in the entry for VK_S, ShiftState 'Shift+Ctl+Alt' of the layout table and is not in the default system code page (1252) of the French (France) language you specified. This may cause compatibility problems in non-Unicode applications.
    WARNING: The character ᵉ (U+1d49) exists in the entry for VK_T, ShiftState 'Ctl+Alt' of the layout table and is not in the default system code page (1252) of the French (France) language you specified. This may cause compatibility problems in non-Unicode applications.
    WARNING: The character ˇ (U+02c7) exists in the entry for VK_V, ShiftState 'Ctl+Alt' of the layout table and is not in the default system code page (1252) of the French (France) language you specified. This may cause compatibility problems in non-Unicode applications.
    WARNING: - (U+002d) is already defined more than once on the keyboard (on VK_Z, ShiftState 'Ctl+Alt' and VK_8, ShiftState 'Base').
    WARNING: The character ″ (U+2033) exists in the entry for VK_OEM_PLUS, ShiftState 'Shift+Ctl+Alt' of the layout table and is not in the default system code page (1252) of the French (France) language you specified. This may cause compatibility problems in non-Unicode applications.
    WARNING: The character ≠ (U+2260) exists in the entry for VK_OEM_MINUS, ShiftState 'Ctl+Alt' of the layout table and is not in the default system code page (1252) of the French (France) language you specified. This may cause compatibility problems in non-Unicode applications.
    WARNING: The character ′ (U+2032) exists in the entry for VK_OEM_MINUS, ShiftState 'Shift+Ctl+Alt' of the layout table and is not in the default system code page (1252) of the French (France) language you specified. This may cause compatibility problems in non-Unicode applications.
    WARNING: . (U+002e) is already defined more than once on the keyboard (on VK_OEM_PERIOD, ShiftState 'Base' and VK_H, ShiftState 'Ctl+Alt').
    WARNING: ` (U+0060) is already defined more than once on the keyboard (on VK_OEM_2, ShiftState 'Ctl+Alt' and VK_OEM_PLUS, ShiftState 'Shift').
    WARNING: ` (U+0060) is already defined more than once on the keyboard (on VK_OEM_2, ShiftState 'Shift+Ctl+Alt' and VK_OEM_PLUS, ShiftState 'Shift').
    WARNING: ’ (U+2019) is already defined more than once on the keyboard (on VK_OEM_3, ShiftState 'Base' and VK_X, ShiftState 'Shift+Ctl+Alt').
    WARNING: ^ (U+005e) is already defined more than once on the keyboard (on VK_OEM_4, ShiftState 'Base' and VK_6, ShiftState 'Ctl+Alt').
    WARNING: / (U+002f) is already defined more than once on the keyboard (on VK_OEM_102, ShiftState 'Ctl+Alt' and VK_9, ShiftState 'Base').
    WARNING: ^ (U+005e) is already defined more than once on the keyboard (on VK_OEM_102, ShiftState 'Shift+Ctl+Alt' and VK_6, ShiftState 'Ctl+Alt').
    WARNING: 'w' defined on W (Base) but not defined elsewhere. This key may not be present on all keyboards.
    WARNING: 'W' defined on W (Shift) but not defined elsewhere. This key may not be present on all keyboards.
    WARNING: The dead key ¸ (U+00b8) when combined with k (U+006b) returns ķ (U+0137), but ķ (U+0137) is not on the default system code page (1252) of the French (France) language you specified. This may cause compatibility problems in non-Unicode applications.
    WARNING: The dead key ¸ (U+00b8) when combined with h (U+0068) returns ḩ (U+1e29), but ḩ (U+1e29) is not on the default system code page (1252) of the French (France) language you specified. This may cause compatibility problems in non-Unicode applications.
    WARNING: The dead key ¸ (U+00b8) when combined with g (U+0067) returns ģ (U+0123), but ģ (U+0123) is not on the default system code page (1252) of the French (France) language you specified. This may cause compatibility problems in non-Unicode applications.
    WARNING: The dead key ¸ (U+00b8) when combined with t (U+0074) returns ţ (U+0163), but ţ (U+0163) is not on the default system code page (1252) of the French (France) language you specified. This may cause compatibility problems in non-Unicode applications.
    WARNING: The dead key ¸ (U+00b8) when combined with e (U+0065) returns ȩ (U+0229), but ȩ (U+0229) is not on the default system code page (1252) of the French (France) language you specified. This may cause compatibility problems in non-Unicode applications.
    WARNING: The dead key ¸ (U+00b8) when combined with n (U+006e) returns ņ (U+0146), but ņ (U+0146) is not on the default system code page (1252) of the French (France) language you specified. This may cause compatibility problems in non-Unicode applications.
    WARNING: The dead key ¸ (U+00b8) when combined with r (U+0072) returns ŗ (U+0157), but ŗ (U+0157) is not on the default system code page (1252) of the French (France) language you specified. This may cause compatibility problems in non-Unicode applications.
    WARNING: The dead key ¸ (U+00b8) when combined with s (U+0073) returns ş (U+015f), but ş (U+015f) is not on the default system code page (1252) of the French (France) language you specified. This may cause compatibility problems in non-Unicode applications.
    WARNING: The dead key ¸ (U+00b8) when combined with d (U+0064) returns ḑ (U+1e11), but ḑ (U+1e11) is not on the default system code page (1252) of the French (France) language you specified. This may cause compatibility problems in non-Unicode applications.
    WARNING: The dead key ¸ (U+00b8) when combined with l (U+006c) returns ļ (U+013c), but ļ (U+013c) is not on the default system code page (1252) of the French (France) language you specified. This may cause compatibility problems in non-Unicode applications.
    WARNING: The dead key ¸ (U+00b8) when combined with K (U+004b) returns Ķ (U+0136), but Ķ (U+0136) is not on the default system code page (1252) of the French (France) language you specified. This may cause compatibility problems in non-Unicode applications.
    WARNING: The dead key ¸ (U+00b8) when combined with H (U+0048) returns Ḩ (U+1e28), but Ḩ (U+1e28) is not on the default system code page (1252) of the French (France) language you specified. This may cause compatibility problems in non-Unicode applications.
    WARNING: The dead key ¸ (U+00b8) when combined with G (U+0047) returns Ģ (U+0122), but Ģ (U+0122) is not on the default system code page (1252) of the French (France) language you specified. This may cause compatibility problems in non-Unicode applications.
    WARNING: The dead key ¸ (U+00b8) when combined with T (U+0054) returns Ţ (U+0162), but Ţ (U+0162) is not on the default system code page (1252) of the French (France) language you specified. This may cause compatibility problems in non-Unicode applications.
    WARNING: The dead key ¸ (U+00b8) when combined with E (U+0045) returns Ȩ (U+0228), but Ȩ (U+0228) is not on the default system code page (1252) of the French (France) language you specified. This may cause compatibility problems in non-Unicode applications.
    WARNING: The dead key ¸ (U+00b8) when combined with N (U+004e) returns Ņ (U+0145), but Ņ (U+0145) is not on the default system code page (1252) of the French (France) language you specified. This may cause compatibility problems in non-Unicode applications.
    WARNING: The dead key ¸ (U+00b8) when combined with R (U+0052) returns Ŗ (U+0156), but Ŗ (U+0156) is not on the default system code page (1252) of the French (France) language you specified. This may cause compatibility problems in non-Unicode applications.
    WARNING: The dead key ¸ (U+00b8) when combined with S (U+0053) returns Ş (U+015e), but Ş (U+015e) is not on the default system code page (1252) of the French (France) language you specified. This may cause compatibility problems in non-Unicode applications.
    WARNING: The dead key ¸ (U+00b8) when combined with D (U+0044) returns Ḑ (U+1e10), but Ḑ (U+1e10) is not on the default system code page (1252) of the French (France) language you specified. This may cause compatibility problems in non-Unicode applications.
    WARNING: The dead key ¸ (U+00b8) when combined with L (U+004c) returns Ļ (U+013b), but Ļ (U+013b) is not on the default system code page (1252) of the French (France) language you specified. This may cause compatibility problems in non-Unicode applications.
    WARNING: The dead key ∞ (U+221e) when combined with - (U+002d) returns ∞ (U+221e), but ∞ (U+221e) is not on the default system code page (1252) of the French (France) language you specified. This may cause compatibility problems in non-Unicode applications.
    WARNING: The dead key ∞ (U+221e) when combined with V (U+0056) returns √ (U+221a), but √ (U+221a) is not on the default system code page (1252) of the French (France) language you specified. This may cause compatibility problems in non-Unicode applications.
    WARNING: The dead key ∞ (U+221e) when combined with - (U+002d) returns ∞ (U+221e), but ∞ (U+221e) is not on the default system code page (1252) of the French (France) language you specified. This may cause compatibility problems in non-Unicode applications.
    WARNING: The dead key ∞ (U+221e) when combined with ⩽ (U+2a7d) returns ≤ (U+2264), but ≤ (U+2264) is not on the default system code page (1252) of the French (France) language you specified. This may cause compatibility problems in non-Unicode applications.
    WARNING: The dead key ∞ (U+221e) when combined with ⩾ (U+2a7e) returns ≥ (U+2265), but ≥ (U+2265) is not on the default system code page (1252) of the French (France) language you specified. This may cause compatibility problems in non-Unicode applications.
    WARNING: The dead key ∞ (U+221e) when combined with   (U+0020) returns ∞ (U+221e), but ∞ (U+221e) is not on the default system code page (1252) of the French (France) language you specified. This may cause compatibility problems in non-Unicode applications.
    WARNING: The dead key ¤ (U+00a4) when combined with ç (U+00e7) returns ₢ (U+20a2), but ₢ (U+20a2) is not on the default system code page (1252) of the French (France) language you specified. This may cause compatibility problems in non-Unicode applications.
    WARNING: The dead key ¤ (U+00a4) when combined with % (U+0025) returns ₰ (U+20b0), but ₰ (U+20b0) is not on the default system code page (1252) of the French (France) language you specified. This may cause compatibility problems in non-Unicode applications.
    WARNING: The dead key ¤ (U+00a4) when combined with k (U+006b) returns ₭ (U+20ad), but ₭ (U+20ad) is not on the default system code page (1252) of the French (France) language you specified. This may cause compatibility problems in non-Unicode applications.
    WARNING: The dead key ¤ (U+00a4) when combined with h (U+0068) returns ₴ (U+20b4), but ₴ (U+20b4) is not on the default system code page (1252) of the French (France) language you specified. This may cause compatibility problems in non-Unicode applications.
    WARNING: The dead key ¤ (U+00a4) when combined with g (U+0067) returns ₲ (U+20b2), but ₲ (U+20b2) is not on the default system code page (1252) of the French (France) language you specified. This may cause compatibility problems in non-Unicode applications.
    WARNING: The dead key ¤ (U+00a4) when combined with t (U+0074) returns ₸ (U+20b8), but ₸ (U+20b8) is not on the default system code page (1252) of the French (France) language you specified. This may cause compatibility problems in non-Unicode applications.
    WARNING: The dead key ¤ (U+00a4) when combined with e (U+0065) returns ₠ (U+20a0), but ₠ (U+20a0) is not on the default system code page (1252) of the French (France) language you specified. This may cause compatibility problems in non-Unicode applications.
    WARNING: The dead key ¤ (U+00a4) when combined with n (U+006e) returns ₦ (U+20a6), but ₦ (U+20a6) is not on the default system code page (1252) of the French (France) language you specified. This may cause compatibility problems in non-Unicode applications.
    WARNING: The dead key ¤ (U+00a4) when combined with m (U+006d) returns ₥ (U+20a5), but ₥ (U+20a5) is not on the default system code page (1252) of the French (France) language you specified. This may cause compatibility problems in non-Unicode applications.
    WARNING: The dead key ¤ (U+00a4) when combined with r (U+0072) returns ₽ (U+20bd), but ₽ (U+20bd) is not on the default system code page (1252) of the French (France) language you specified. This may cause compatibility problems in non-Unicode applications.
    WARNING: The dead key ¤ (U+00a4) when combined with s (U+0073) returns ₪ (U+20aa), but ₪ (U+20aa) is not on the default system code page (1252) of the French (France) language you specified. This may cause compatibility problems in non-Unicode applications.
    WARNING: The dead key ¤ (U+00a4) when combined with p (U+0070) returns ₱ (U+20b1), but ₱ (U+20b1) is not on the default system code page (1252) of the French (France) language you specified. This may cause compatibility problems in non-Unicode applications.
    WARNING: The dead key ¤ (U+00a4) when combined with w (U+0077) returns ₩ (U+20a9), but ₩ (U+20a9) is not on the default system code page (1252) of the French (France) language you specified. This may cause compatibility problems in non-Unicode applications.
    WARNING: The dead key ¤ (U+00a4) when combined with d (U+0064) returns ₫ (U+20ab), but ₫ (U+20ab) is not on the default system code page (1252) of the French (France) language you specified. This may cause compatibility problems in non-Unicode applications.
    WARNING: The dead key ¤ (U+00a4) when combined with l (U+006c) returns ₺ (U+20ba), but ₺ (U+20ba) is not on the default system code page (1252) of the French (France) language you specified. This may cause compatibility problems in non-Unicode applications.
    WARNING: The dead key ¤ (U+00a4) when combined with b (U+0062) returns ₿ (U+20bf), but ₿ (U+20bf) is not on the default system code page (1252) of the French (France) language you specified. This may cause compatibility problems in non-Unicode applications.
    WARNING: The dead key ¤ (U+00a4) when combined with Ç (U+00c7) returns ₡ (U+20a1), but ₡ (U+20a1) is not on the default system code page (1252) of the French (France) language you specified. This may cause compatibility problems in non-Unicode applications.
    WARNING: The dead key ¤ (U+00a4) when combined with F (U+0046) returns ₣ (U+20a3), but ₣ (U+20a3) is not on the default system code page (1252) of the French (France) language you specified. This may cause compatibility problems in non-Unicode applications.
    WARNING: The dead key ¤ (U+00a4) when combined with A (U+0041) returns ₳ (U+20b3), but ₳ (U+20b3) is not on the default system code page (1252) of the French (France) language you specified. This may cause compatibility problems in non-Unicode applications.
    WARNING: The dead key ¤ (U+00a4) when combined with C (U+0043) returns ₵ (U+20b5), but ₵ (U+20b5) is not on the default system code page (1252) of the French (France) language you specified. This may cause compatibility problems in non-Unicode applications.
    WARNING: The dead key ¤ (U+00a4) when combined with T (U+0054) returns ₮ (U+20ae), but ₮ (U+20ae) is not on the default system code page (1252) of the French (France) language you specified. This may cause compatibility problems in non-Unicode applications.
    WARNING: The dead key ¤ (U+00a4) when combined with M (U+004d) returns ℳ (U+2133), but ℳ (U+2133) is not on the default system code page (1252) of the French (France) language you specified. This may cause compatibility problems in non-Unicode applications.
    WARNING: The dead key ¤ (U+00a4) when combined with R (U+0052) returns ₹ (U+20b9), but ₹ (U+20b9) is not on the default system code page (1252) of the French (France) language you specified. This may cause compatibility problems in non-Unicode applications.
    WARNING: The dead key ¤ (U+00a4) when combined with S (U+0053) returns ₷ (U+20b7), but ₷ (U+20b7) is not on the default system code page (1252) of the French (France) language you specified. This may cause compatibility problems in non-Unicode applications.
    WARNING: The dead key ¤ (U+00a4) when combined with P (U+0050) returns ₧ (U+20a7), but ₧ (U+20a7) is not on the default system code page (1252) of the French (France) language you specified. This may cause compatibility problems in non-Unicode applications.
    WARNING: The dead key ¤ (U+00a4) when combined with D (U+0044) returns ₯ (U+20af), but ₯ (U+20af) is not on the default system code page (1252) of the French (France) language you specified. This may cause compatibility problems in non-Unicode applications.
    WARNING: The dead key ¤ (U+00a4) when combined with L (U+004c) returns ₤ (U+20a4), but ₤ (U+20a4) is not on the default system code page (1252) of the French (France) language you specified. This may cause compatibility problems in non-Unicode applications.
    WARNING: The dead key ¤ (U+00a4) when combined with B (U+0042) returns ฿ (U+0e3f), but ฿ (U+0e3f) is not on the default system code page (1252) of the French (France) language you specified. This may cause compatibility problems in non-Unicode applications.
    WARNING: The dead key ¤ (U+00a4) when combined with ∞ (U+221e) returns ₼ (U+20bc), but ₼ (U+20bc) is not on the default system code page (1252) of the French (France) language you specified. This may cause compatibility problems in non-Unicode applications.
    WARNING: The dead key ¤ (U+00a4) when combined with | (U+007c) returns ₾ (U+20be), but ₾ (U+20be) is not on the default system code page (1252) of the French (France) language you specified. This may cause compatibility problems in non-Unicode applications.
    WARNING: The dead key ¤ (U+00a4) when combined with ® (U+00ae) returns ₨ (U+20a8), but ₨ (U+20a8) is not on the default system code page (1252) of the French (France) language you specified. This may cause compatibility problems in non-Unicode applications.
    WARNING: The dead key ˛ (U+02db) when combined with a (U+0061) returns ą (U+0105), but ą (U+0105) is not on the default system code page (1252) of the French (France) language you specified. This may cause compatibility problems in non-Unicode applications.
    WARNING: The dead key ˛ (U+02db) when combined with e (U+0065) returns ę (U+0119), but ę (U+0119) is not on the default system code page (1252) of the French (France) language you specified. This may cause compatibility problems in non-Unicode applications.
    WARNING: The dead key ˛ (U+02db) when combined with i (U+0069) returns į (U+012f), but į (U+012f) is not on the default system code page (1252) of the French (France) language you specified. This may cause compatibility problems in non-Unicode applications.
    WARNING: The dead key ˛ (U+02db) when combined with u (U+0075) returns ų (U+0173), but ų (U+0173) is not on the default system code page (1252) of the French (France) language you specified. This may cause compatibility problems in non-Unicode applications.
    WARNING: The dead key ˛ (U+02db) when combined with o (U+006f) returns ǫ (U+01eb), but ǫ (U+01eb) is not on the default system code page (1252) of the French (France) language you specified. This may cause compatibility problems in non-Unicode applications.
    WARNING: The dead key ˛ (U+02db) when combined with A (U+0041) returns Ą (U+0104), but Ą (U+0104) is not on the default system code page (1252) of the French (France) language you specified. This may cause compatibility problems in non-Unicode applications.
    WARNING: The dead key ˛ (U+02db) when combined with E (U+0045) returns Ę (U+0118), but Ę (U+0118) is not on the default system code page (1252) of the French (France) language you specified. This may cause compatibility problems in non-Unicode applications.
    WARNING: The dead key ˛ (U+02db) when combined with I (U+0049) returns Į (U+012e), but Į (U+012e) is not on the default system code page (1252) of the French (France) language you specified. This may cause compatibility problems in non-Unicode applications.
    WARNING: The dead key ˛ (U+02db) when combined with U (U+0055) returns Ų (U+0172), but Ų (U+0172) is not on the default system code page (1252) of the French (France) language you specified. This may cause compatibility problems in non-Unicode applications.
    WARNING: The dead key ˛ (U+02db) when combined with O (U+004f) returns Ǫ (U+01ea), but Ǫ (U+01ea) is not on the default system code page (1252) of the French (France) language you specified. This may cause compatibility problems in non-Unicode applications.
    WARNING: The dead key ˛ (U+02db) when combined with   (U+0020) returns ˛ (U+02db), but ˛ (U+02db) is not on the default system code page (1252) of the French (France) language you specified. This may cause compatibility problems in non-Unicode applications.
    WARNING: The dead key µ (U+00b5) when combined with k (U+006b) returns κ (U+03ba), but κ (U+03ba) is not on the default system code page (1252) of the French (France) language you specified. This may cause compatibility problems in non-Unicode applications.
    WARNING: The dead key µ (U+00b5) when combined with x (U+0078) returns χ (U+03c7), but χ (U+03c7) is not on the default system code page (1252) of the French (France) language you specified. This may cause compatibility problems in non-Unicode applications.
    WARNING: The dead key µ (U+00b5) when combined with y (U+0079) returns υ (U+03c5), but υ (U+03c5) is not on the default system code page (1252) of the French (France) language you specified. This may cause compatibility problems in non-Unicode applications.
    WARNING: The dead key µ (U+00b5) when combined with h (U+0068) returns η (U+03b7), but η (U+03b7) is not on the default system code page (1252) of the French (France) language you specified. This may cause compatibility problems in non-Unicode applications.
    WARNING: The dead key µ (U+00b5) when combined with f (U+0066) returns φ (U+03c6), but φ (U+03c6) is not on the default system code page (1252) of the French (France) language you specified. This may cause compatibility problems in non-Unicode applications.
    WARNING: The dead key µ (U+00b5) when combined with g (U+0067) returns γ (U+03b3), but γ (U+03b3) is not on the default system code page (1252) of the French (France) language you specified. This may cause compatibility problems in non-Unicode applications.
    WARNING: The dead key µ (U+00b5) when combined with a (U+0061) returns α (U+03b1), but α (U+03b1) is not on the default system code page (1252) of the French (France) language you specified. This may cause compatibility problems in non-Unicode applications.
    WARNING: The dead key µ (U+00b5) when combined with c (U+0063) returns ψ (U+03c8), but ψ (U+03c8) is not on the default system code page (1252) of the French (France) language you specified. This may cause compatibility problems in non-Unicode applications.
    WARNING: The dead key µ (U+00b5) when combined with t (U+0074) returns τ (U+03c4), but τ (U+03c4) is not on the default system code page (1252) of the French (France) language you specified. This may cause compatibility problems in non-Unicode applications.
    WARNING: The dead key µ (U+00b5) when combined with e (U+0065) returns ε (U+03b5), but ε (U+03b5) is not on the default system code page (1252) of the French (France) language you specified. This may cause compatibility problems in non-Unicode applications.
    WARNING: The dead key µ (U+00b5) when combined with i (U+0069) returns ι (U+03b9), but ι (U+03b9) is not on the default system code page (1252) of the French (France) language you specified. This may cause compatibility problems in non-Unicode applications.
    WARNING: The dead key µ (U+00b5) when combined with n (U+006e) returns ν (U+03bd), but ν (U+03bd) is not on the default system code page (1252) of the French (France) language you specified. This may cause compatibility problems in non-Unicode applications.
    WARNING: The dead key µ (U+00b5) when combined with m (U+006d) returns μ (U+03bc), but μ (U+03bc) is not on the default system code page (1252) of the French (France) language you specified. This may cause compatibility problems in non-Unicode applications.
    WARNING: The dead key µ (U+00b5) when combined with u (U+0075) returns θ (U+03b8), but θ (U+03b8) is not on the default system code page (1252) of the French (France) language you specified. This may cause compatibility problems in non-Unicode applications.
    WARNING: The dead key µ (U+00b5) when combined with r (U+0072) returns ρ (U+03c1), but ρ (U+03c1) is not on the default system code page (1252) of the French (France) language you specified. This may cause compatibility problems in non-Unicode applications.
    WARNING: The dead key µ (U+00b5) when combined with s (U+0073) returns σ (U+03c3), but σ (U+03c3) is not on the default system code page (1252) of the French (France) language you specified. This may cause compatibility problems in non-Unicode applications.
    WARNING: The dead key µ (U+00b5) when combined with p (U+0070) returns π (U+03c0), but π (U+03c0) is not on the default system code page (1252) of the French (France) language you specified. This may cause compatibility problems in non-Unicode applications.
    WARNING: The dead key µ (U+00b5) when combined with o (U+006f) returns ο (U+03bf), but ο (U+03bf) is not on the default system code page (1252) of the French (France) language you specified. This may cause compatibility problems in non-Unicode applications.
    WARNING: The dead key µ (U+00b5) when combined with z (U+007a) returns ζ (U+03b6), but ζ (U+03b6) is not on the default system code page (1252) of the French (France) language you specified. This may cause compatibility problems in non-Unicode applications.
    WARNING: The dead key µ (U+00b5) when combined with j (U+006a) returns ξ (U+03be), but ξ (U+03be) is not on the default system code page (1252) of the French (France) language you specified. This may cause compatibility problems in non-Unicode applications.
    WARNING: The dead key µ (U+00b5) when combined with v (U+0076) returns ω (U+03c9), but ω (U+03c9) is not on the default system code page (1252) of the French (France) language you specified. This may cause compatibility problems in non-Unicode applications.
    WARNING: The dead key µ (U+00b5) when combined with w (U+0077) returns ς (U+03c2), but ς (U+03c2) is not on the default system code page (1252) of the French (France) language you specified. This may cause compatibility problems in non-Unicode applications.
    WARNING: The dead key µ (U+00b5) when combined with d (U+0064) returns δ (U+03b4), but δ (U+03b4) is not on the default system code page (1252) of the French (France) language you specified. This may cause compatibility problems in non-Unicode applications.
    WARNING: The dead key µ (U+00b5) when combined with l (U+006c) returns λ (U+03bb), but λ (U+03bb) is not on the default system code page (1252) of the French (France) language you specified. This may cause compatibility problems in non-Unicode applications.
    WARNING: The dead key µ (U+00b5) when combined with b (U+0062) returns β (U+03b2), but β (U+03b2) is not on the default system code page (1252) of the French (France) language you specified. This may cause compatibility problems in non-Unicode applications.
    WARNING: The dead key µ (U+00b5) when combined with K (U+004b) returns Κ (U+039a), but Κ (U+039a) is not on the default system code page (1252) of the French (France) language you specified. This may cause compatibility problems in non-Unicode applications.
    WARNING: The dead key µ (U+00b5) when combined with X (U+0058) returns Χ (U+03a7), but Χ (U+03a7) is not on the default system code page (1252) of the French (France) language you specified. This may cause compatibility problems in non-Unicode applications.
    WARNING: The dead key µ (U+00b5) when combined with Y (U+0059) returns Υ (U+03a5), but Υ (U+03a5) is not on the default system code page (1252) of the French (France) language you specified. This may cause compatibility problems in non-Unicode applications.
    WARNING: The dead key µ (U+00b5) when combined with H (U+0048) returns Η (U+0397), but Η (U+0397) is not on the default system code page (1252) of the French (France) language you specified. This may cause compatibility problems in non-Unicode applications.
    WARNING: The dead key µ (U+00b5) when combined with F (U+0046) returns Φ (U+03a6), but Φ (U+03a6) is not on the default system code page (1252) of the French (France) language you specified. This may cause compatibility problems in non-Unicode applications.
    WARNING: The dead key µ (U+00b5) when combined with G (U+0047) returns Γ (U+0393), but Γ (U+0393) is not on the default system code page (1252) of the French (France) language you specified. This may cause compatibility problems in non-Unicode applications.
    WARNING: The dead key µ (U+00b5) when combined with A (U+0041) returns Α (U+0391), but Α (U+0391) is not on the default system code page (1252) of the French (France) language you specified. This may cause compatibility problems in non-Unicode applications.
    WARNING: The dead key µ (U+00b5) when combined with C (U+0043) returns Ψ (U+03a8), but Ψ (U+03a8) is not on the default system code page (1252) of the French (France) language you specified. This may cause compatibility problems in non-Unicode applications.
    WARNING: The dead key µ (U+00b5) when combined with T (U+0054) returns Τ (U+03a4), but Τ (U+03a4) is not on the default system code page (1252) of the French (France) language you specified. This may cause compatibility problems in non-Unicode applications.
    WARNING: The dead key µ (U+00b5) when combined with E (U+0045) returns Ε (U+0395), but Ε (U+0395) is not on the default system code page (1252) of the French (France) language you specified. This may cause compatibility problems in non-Unicode applications.
    WARNING: The dead key µ (U+00b5) when combined with I (U+0049) returns Ι (U+0399), but Ι (U+0399) is not on the default system code page (1252) of the French (France) language you specified. This may cause compatibility problems in non-Unicode applications.
    WARNING: The dead key µ (U+00b5) when combined with N (U+004e) returns Ν (U+039d), but Ν (U+039d) is not on the default system code page (1252) of the French (France) language you specified. This may cause compatibility problems in non-Unicode applications.
    WARNING: The dead key µ (U+00b5) when combined with M (U+004d) returns Μ (U+039c), but Μ (U+039c) is not on the default system code page (1252) of the French (France) language you specified. This may cause compatibility problems in non-Unicode applications.
    WARNING: The dead key µ (U+00b5) when combined with U (U+0055) returns Θ (U+0398), but Θ (U+0398) is not on the default system code page (1252) of the French (France) language you specified. This may cause compatibility problems in non-Unicode applications.
    WARNING: The dead key µ (U+00b5) when combined with R (U+0052) returns Ρ (U+03a1), but Ρ (U+03a1) is not on the default system code page (1252) of the French (France) language you specified. This may cause compatibility problems in non-Unicode applications.
    WARNING: The dead key µ (U+00b5) when combined with S (U+0053) returns Σ (U+03a3), but Σ (U+03a3) is not on the default system code page (1252) of the French (France) language you specified. This may cause compatibility problems in non-Unicode applications.
    WARNING: The dead key µ (U+00b5) when combined with P (U+0050) returns Π (U+03a0), but Π (U+03a0) is not on the default system code page (1252) of the French (France) language you specified. This may cause compatibility problems in non-Unicode applications.
    WARNING: The dead key µ (U+00b5) when combined with O (U+004f) returns Ο (U+039f), but Ο (U+039f) is not on the default system code page (1252) of the French (France) language you specified. This may cause compatibility problems in non-Unicode applications.
    WARNING: The dead key µ (U+00b5) when combined with Z (U+005a) returns Ζ (U+0396), but Ζ (U+0396) is not on the default system code page (1252) of the French (France) language you specified. This may cause compatibility problems in non-Unicode applications.
    WARNING: The dead key µ (U+00b5) when combined with J (U+004a) returns Ξ (U+039e), but Ξ (U+039e) is not on the default system code page (1252) of the French (France) language you specified. This may cause compatibility problems in non-Unicode applications.
    WARNING: The dead key µ (U+00b5) when combined with V (U+0056) returns Ω (U+03a9), but Ω (U+03a9) is not on the default system code page (1252) of the French (France) language you specified. This may cause compatibility problems in non-Unicode applications.
    WARNING: The dead key µ (U+00b5) when combined with D (U+0044) returns Δ (U+0394), but Δ (U+0394) is not on the default system code page (1252) of the French (France) language you specified. This may cause compatibility problems in non-Unicode applications.
    WARNING: The dead key µ (U+00b5) when combined with L (U+004c) returns Λ (U+039b), but Λ (U+039b) is not on the default system code page (1252) of the French (France) language you specified. This may cause compatibility problems in non-Unicode applications.
    WARNING: The dead key µ (U+00b5) when combined with B (U+0042) returns Β (U+0392), but Β (U+0392) is not on the default system code page (1252) of the French (France) language you specified. This may cause compatibility problems in non-Unicode applications.
    WARNING: The dead key . (U+002e) when combined with k (U+006b) returns ḳ (U+1e33), but ḳ (U+1e33) is not on the default system code page (1252) of the French (France) language you specified. This may cause compatibility problems in non-Unicode applications.
    WARNING: The dead key . (U+002e) when combined with y (U+0079) returns ỵ (U+1ef5), but ỵ (U+1ef5) is not on the default system code page (1252) of the French (France) language you specified. This may cause compatibility problems in non-Unicode applications.
    WARNING: The dead key . (U+002e) when combined with h (U+0068) returns ḥ (U+1e25), but ḥ (U+1e25) is not on the default system code page (1252) of the French (France) language you specified. This may cause compatibility problems in non-Unicode applications.
    WARNING: The dead key . (U+002e) when combined with a (U+0061) returns ạ (U+1ea1), but ạ (U+1ea1) is not on the default system code page (1252) of the French (France) language you specified. This may cause compatibility problems in non-Unicode applications.
    WARNING: The dead key . (U+002e) when combined with t (U+0074) returns ṭ (U+1e6d), but ṭ (U+1e6d) is not on the default system code page (1252) of the French (France) language you specified. This may cause compatibility problems in non-Unicode applications.
    WARNING: The dead key . (U+002e) when combined with e (U+0065) returns ẹ (U+1eb9), but ẹ (U+1eb9) is not on the default system code page (1252) of the French (France) language you specified. This may cause compatibility problems in non-Unicode applications.
    WARNING: The dead key . (U+002e) when combined with i (U+0069) returns ị (U+1ecb), but ị (U+1ecb) is not on the default system code page (1252) of the French (France) language you specified. This may cause compatibility problems in non-Unicode applications.
    WARNING: The dead key . (U+002e) when combined with n (U+006e) returns ṇ (U+1e47), but ṇ (U+1e47) is not on the default system code page (1252) of the French (France) language you specified. This may cause compatibility problems in non-Unicode applications.
    WARNING: The dead key . (U+002e) when combined with m (U+006d) returns ṃ (U+1e43), but ṃ (U+1e43) is not on the default system code page (1252) of the French (France) language you specified. This may cause compatibility problems in non-Unicode applications.
    WARNING: The dead key . (U+002e) when combined with u (U+0075) returns ụ (U+1ee5), but ụ (U+1ee5) is not on the default system code page (1252) of the French (France) language you specified. This may cause compatibility problems in non-Unicode applications.
    WARNING: The dead key . (U+002e) when combined with r (U+0072) returns ṛ (U+1e5b), but ṛ (U+1e5b) is not on the default system code page (1252) of the French (France) language you specified. This may cause compatibility problems in non-Unicode applications.
    WARNING: The dead key . (U+002e) when combined with s (U+0073) returns ṣ (U+1e63), but ṣ (U+1e63) is not on the default system code page (1252) of the French (France) language you specified. This may cause compatibility problems in non-Unicode applications.
    WARNING: The dead key . (U+002e) when combined with o (U+006f) returns ọ (U+1ecd), but ọ (U+1ecd) is not on the default system code page (1252) of the French (France) language you specified. This may cause compatibility problems in non-Unicode applications.
    WARNING: The dead key . (U+002e) when combined with z (U+007a) returns ẓ (U+1e93), but ẓ (U+1e93) is not on the default system code page (1252) of the French (France) language you specified. This may cause compatibility problems in non-Unicode applications.
    WARNING: The dead key . (U+002e) when combined with v (U+0076) returns ṿ (U+1e7f), but ṿ (U+1e7f) is not on the default system code page (1252) of the French (France) language you specified. This may cause compatibility problems in non-Unicode applications.
    WARNING: The dead key . (U+002e) when combined with w (U+0077) returns ẉ (U+1e89), but ẉ (U+1e89) is not on the default system code page (1252) of the French (France) language you specified. This may cause compatibility problems in non-Unicode applications.
    WARNING: The dead key . (U+002e) when combined with d (U+0064) returns ḍ (U+1e0d), but ḍ (U+1e0d) is not on the default system code page (1252) of the French (France) language you specified. This may cause compatibility problems in non-Unicode applications.
    WARNING: The dead key . (U+002e) when combined with l (U+006c) returns ḷ (U+1e37), but ḷ (U+1e37) is not on the default system code page (1252) of the French (France) language you specified. This may cause compatibility problems in non-Unicode applications.
    WARNING: The dead key . (U+002e) when combined with b (U+0062) returns ḅ (U+1e05), but ḅ (U+1e05) is not on the default system code page (1252) of the French (France) language you specified. This may cause compatibility problems in non-Unicode applications.
    WARNING: The dead key . (U+002e) when combined with K (U+004b) returns Ḳ (U+1e32), but Ḳ (U+1e32) is not on the default system code page (1252) of the French (France) language you specified. This may cause compatibility problems in non-Unicode applications.
    WARNING: The dead key . (U+002e) when combined with Y (U+0059) returns Ỵ (U+1ef4), but Ỵ (U+1ef4) is not on the default system code page (1252) of the French (France) language you specified. This may cause compatibility problems in non-Unicode applications.
    WARNING: The dead key . (U+002e) when combined with H (U+0048) returns Ḥ (U+1e24), but Ḥ (U+1e24) is not on the default system code page (1252) of the French (France) language you specified. This may cause compatibility problems in non-Unicode applications.
    WARNING: The dead key . (U+002e) when combined with A (U+0041) returns Ạ (U+1ea0), but Ạ (U+1ea0) is not on the default system code page (1252) of the French (France) language you specified. This may cause compatibility problems in non-Unicode applications.
    WARNING: The dead key . (U+002e) when combined with T (U+0054) returns Ṭ (U+1e6c), but Ṭ (U+1e6c) is not on the default system code page (1252) of the French (France) language you specified. This may cause compatibility problems in non-Unicode applications.
    WARNING: The dead key . (U+002e) when combined with E (U+0045) returns Ẹ (U+1eb8), but Ẹ (U+1eb8) is not on the default system code page (1252) of the French (France) language you specified. This may cause compatibility problems in non-Unicode applications.
    WARNING: The dead key . (U+002e) when combined with I (U+0049) returns Ị (U+1eca), but Ị (U+1eca) is not on the default system code page (1252) of the French (France) language you specified. This may cause compatibility problems in non-Unicode applications.
    WARNING: The dead key . (U+002e) when combined with N (U+004e) returns Ṇ (U+1e46), but Ṇ (U+1e46) is not on the default system code page (1252) of the French (France) language you specified. This may cause compatibility problems in non-Unicode applications.
    WARNING: The dead key . (U+002e) when combined with M (U+004d) returns Ṃ (U+1e42), but Ṃ (U+1e42) is not on the default system code page (1252) of the French (France) language you specified. This may cause compatibility problems in non-Unicode applications.
    WARNING: The dead key . (U+002e) when combined with U (U+0055) returns Ụ (U+1ee4), but Ụ (U+1ee4) is not on the default system code page (1252) of the French (France) language you specified. This may cause compatibility problems in non-Unicode applications.
    WARNING: The dead key . (U+002e) when combined with R (U+0052) returns Ṛ (U+1e5a), but Ṛ (U+1e5a) is not on the default system code page (1252) of the French (France) language you specified. This may cause compatibility problems in non-Unicode applications.
    WARNING: The dead key . (U+002e) when combined with S (U+0053) returns Ṣ (U+1e62), but Ṣ (U+1e62) is not on the default system code page (1252) of the French (France) language you specified. This may cause compatibility problems in non-Unicode applications.
    WARNING: The dead key . (U+002e) when combined with O (U+004f) returns Ọ (U+1ecc), but Ọ (U+1ecc) is not on the default system code page (1252) of the French (France) language you specified. This may cause compatibility problems in non-Unicode applications.
    WARNING: The dead key . (U+002e) when combined with Z (U+005a) returns Ẓ (U+1e92), but Ẓ (U+1e92) is not on the default system code page (1252) of the French (France) language you specified. This may cause compatibility problems in non-Unicode applications.
    WARNING: The dead key . (U+002e) when combined with V (U+0056) returns Ṿ (U+1e7e), but Ṿ (U+1e7e) is not on the default system code page (1252) of the French (France) language you specified. This may cause compatibility problems in non-Unicode applications.
    WARNING: The dead key . (U+002e) when combined with W (U+0057) returns Ẉ (U+1e88), but Ẉ (U+1e88) is not on the default system code page (1252) of the French (France) language you specified. This may cause compatibility problems in non-Unicode applications.
    WARNING: The dead key . (U+002e) when combined with D (U+0044) returns Ḍ (U+1e0c), but Ḍ (U+1e0c) is not on the default system code page (1252) of the French (France) language you specified. This may cause compatibility problems in non-Unicode applications.
    WARNING: The dead key . (U+002e) when combined with L (U+004c) returns Ḷ (U+1e36), but Ḷ (U+1e36) is not on the default system code page (1252) of the French (France) language you specified. This may cause compatibility problems in non-Unicode applications.
    WARNING: The dead key . (U+002e) when combined with B (U+0042) returns Ḅ (U+1e04), but Ḅ (U+1e04) is not on the default system code page (1252) of the French (France) language you specified. This may cause compatibility problems in non-Unicode applications.
    WARNING: The dead key ¨ (U+00a8) when combined with x (U+0078) returns ẍ (U+1e8d), but ẍ (U+1e8d) is not on the default system code page (1252) of the French (France) language you specified. This may cause compatibility problems in non-Unicode applications.
    WARNING: The dead key ¨ (U+00a8) when combined with h (U+0068) returns ḧ (U+1e27), but ḧ (U+1e27) is not on the default system code page (1252) of the French (France) language you specified. This may cause compatibility problems in non-Unicode applications.
    WARNING: The dead key ¨ (U+00a8) when combined with t (U+0074) returns ẗ (U+1e97), but ẗ (U+1e97) is not on the default system code page (1252) of the French (France) language you specified. This may cause compatibility problems in non-Unicode applications.
    WARNING: The dead key ¨ (U+00a8) when combined with w (U+0077) returns ẅ (U+1e85), but ẅ (U+1e85) is not on the default system code page (1252) of the French (France) language you specified. This may cause compatibility problems in non-Unicode applications.
    WARNING: The dead key ¨ (U+00a8) when combined with X (U+0058) returns Ẍ (U+1e8c), but Ẍ (U+1e8c) is not on the default system code page (1252) of the French (France) language you specified. This may cause compatibility problems in non-Unicode applications.
    WARNING: The dead key ¨ (U+00a8) when combined with H (U+0048) returns Ḧ (U+1e26), but Ḧ (U+1e26) is not on the default system code page (1252) of the French (France) language you specified. This may cause compatibility problems in non-Unicode applications.
    WARNING: The dead key ¨ (U+00a8) when combined with W (U+0057) returns Ẅ (U+1e84), but Ẅ (U+1e84) is not on the default system code page (1252) of the French (France) language you specified. This may cause compatibility problems in non-Unicode applications.
    WARNING: The dead key ˙ (U+02d9) when combined with x (U+0078) returns ẋ (U+1e8b), but ẋ (U+1e8b) is not on the default system code page (1252) of the French (France) language you specified. This may cause compatibility problems in non-Unicode applications.
    WARNING: The dead key ˙ (U+02d9) when combined with y (U+0079) returns ẏ (U+1e8f), but ẏ (U+1e8f) is not on the default system code page (1252) of the French (France) language you specified. This may cause compatibility problems in non-Unicode applications.
    WARNING: The dead key ˙ (U+02d9) when combined with h (U+0068) returns ḣ (U+1e23), but ḣ (U+1e23) is not on the default system code page (1252) of the French (France) language you specified. This may cause compatibility problems in non-Unicode applications.
    WARNING: The dead key ˙ (U+02d9) when combined with f (U+0066) returns ḟ (U+1e1f), but ḟ (U+1e1f) is not on the default system code page (1252) of the French (France) language you specified. This may cause compatibility problems in non-Unicode applications.
    WARNING: The dead key ˙ (U+02d9) when combined with g (U+0067) returns ġ (U+0121), but ġ (U+0121) is not on the default system code page (1252) of the French (France) language you specified. This may cause compatibility problems in non-Unicode applications.
    WARNING: The dead key ˙ (U+02d9) when combined with a (U+0061) returns ȧ (U+0227), but ȧ (U+0227) is not on the default system code page (1252) of the French (France) language you specified. This may cause compatibility problems in non-Unicode applications.
    WARNING: The dead key ˙ (U+02d9) when combined with c (U+0063) returns ċ (U+010b), but ċ (U+010b) is not on the default system code page (1252) of the French (France) language you specified. This may cause compatibility problems in non-Unicode applications.
    WARNING: The dead key ˙ (U+02d9) when combined with t (U+0074) returns ṫ (U+1e6b), but ṫ (U+1e6b) is not on the default system code page (1252) of the French (France) language you specified. This may cause compatibility problems in non-Unicode applications.
    WARNING: The dead key ˙ (U+02d9) when combined with e (U+0065) returns ė (U+0117), but ė (U+0117) is not on the default system code page (1252) of the French (France) language you specified. This may cause compatibility problems in non-Unicode applications.
    WARNING: The dead key ˙ (U+02d9) when combined with i (U+0069) returns ı (U+0131), but ı (U+0131) is not on the default system code page (1252) of the French (France) language you specified. This may cause compatibility problems in non-Unicode applications.
    WARNING: The dead key ˙ (U+02d9) when combined with n (U+006e) returns ṅ (U+1e45), but ṅ (U+1e45) is not on the default system code page (1252) of the French (France) language you specified. This may cause compatibility problems in non-Unicode applications.
    WARNING: The dead key ˙ (U+02d9) when combined with m (U+006d) returns ṁ (U+1e41), but ṁ (U+1e41) is not on the default system code page (1252) of the French (France) language you specified. This may cause compatibility problems in non-Unicode applications.
    WARNING: The dead key ˙ (U+02d9) when combined with r (U+0072) returns ṙ (U+1e59), but ṙ (U+1e59) is not on the default system code page (1252) of the French (France) language you specified. This may cause compatibility problems in non-Unicode applications.
    WARNING: The dead key ˙ (U+02d9) when combined with s (U+0073) returns ṡ (U+1e61), but ṡ (U+1e61) is not on the default system code page (1252) of the French (France) language you specified. This may cause compatibility problems in non-Unicode applications.
    WARNING: The dead key ˙ (U+02d9) when combined with p (U+0070) returns ṗ (U+1e57), but ṗ (U+1e57) is not on the default system code page (1252) of the French (France) language you specified. This may cause compatibility problems in non-Unicode applications.
    WARNING: The dead key ˙ (U+02d9) when combined with o (U+006f) returns ȯ (U+022f), but ȯ (U+022f) is not on the default system code page (1252) of the French (France) language you specified. This may cause compatibility problems in non-Unicode applications.
    WARNING: The dead key ˙ (U+02d9) when combined with z (U+007a) returns ż (U+017c), but ż (U+017c) is not on the default system code page (1252) of the French (France) language you specified. This may cause compatibility problems in non-Unicode applications.
    WARNING: The dead key ˙ (U+02d9) when combined with w (U+0077) returns ẇ (U+1e87), but ẇ (U+1e87) is not on the default system code page (1252) of the French (France) language you specified. This may cause compatibility problems in non-Unicode applications.
    WARNING: The dead key ˙ (U+02d9) when combined with d (U+0064) returns ḋ (U+1e0b), but ḋ (U+1e0b) is not on the default system code page (1252) of the French (France) language you specified. This may cause compatibility problems in non-Unicode applications.
    WARNING: The dead key ˙ (U+02d9) when combined with l (U+006c) returns ŀ (U+0140), but ŀ (U+0140) is not on the default system code page (1252) of the French (France) language you specified. This may cause compatibility problems in non-Unicode applications.
    WARNING: The dead key ˙ (U+02d9) when combined with b (U+0062) returns ḃ (U+1e03), but ḃ (U+1e03) is not on the default system code page (1252) of the French (France) language you specified. This may cause compatibility problems in non-Unicode applications.
    WARNING: The dead key ˙ (U+02d9) when combined with X (U+0058) returns Ẋ (U+1e8a), but Ẋ (U+1e8a) is not on the default system code page (1252) of the French (France) language you specified. This may cause compatibility problems in non-Unicode applications.
    WARNING: The dead key ˙ (U+02d9) when combined with Y (U+0059) returns Ẏ (U+1e8e), but Ẏ (U+1e8e) is not on the default system code page (1252) of the French (France) language you specified. This may cause compatibility problems in non-Unicode applications.
    WARNING: The dead key ˙ (U+02d9) when combined with H (U+0048) returns Ḣ (U+1e22), but Ḣ (U+1e22) is not on the default system code page (1252) of the French (France) language you specified. This may cause compatibility problems in non-Unicode applications.
    WARNING: The dead key ˙ (U+02d9) when combined with F (U+0046) returns Ḟ (U+1e1e), but Ḟ (U+1e1e) is not on the default system code page (1252) of the French (France) language you specified. This may cause compatibility problems in non-Unicode applications.
    WARNING: The dead key ˙ (U+02d9) when combined with G (U+0047) returns Ġ (U+0120), but Ġ (U+0120) is not on the default system code page (1252) of the French (France) language you specified. This may cause compatibility problems in non-Unicode applications.
    WARNING: The dead key ˙ (U+02d9) when combined with A (U+0041) returns Ȧ (U+0226), but Ȧ (U+0226) is not on the default system code page (1252) of the French (France) language you specified. This may cause compatibility problems in non-Unicode applications.
    WARNING: The dead key ˙ (U+02d9) when combined with C (U+0043) returns Ċ (U+010a), but Ċ (U+010a) is not on the default system code page (1252) of the French (France) language you specified. This may cause compatibility problems in non-Unicode applications.
    WARNING: The dead key ˙ (U+02d9) when combined with T (U+0054) returns Ṫ (U+1e6a), but Ṫ (U+1e6a) is not on the default system code page (1252) of the French (France) language you specified. This may cause compatibility problems in non-Unicode applications.
    WARNING: The dead key ˙ (U+02d9) when combined with E (U+0045) returns Ė (U+0116), but Ė (U+0116) is not on the default system code page (1252) of the French (France) language you specified. This may cause compatibility problems in non-Unicode applications.
    WARNING: The dead key ˙ (U+02d9) when combined with I (U+0049) returns İ (U+0130), but İ (U+0130) is not on the default system code page (1252) of the French (France) language you specified. This may cause compatibility problems in non-Unicode applications.
    WARNING: The dead key ˙ (U+02d9) when combined with N (U+004e) returns Ṅ (U+1e44), but Ṅ (U+1e44) is not on the default system code page (1252) of the French (France) language you specified. This may cause compatibility problems in non-Unicode applications.
    WARNING: The dead key ˙ (U+02d9) when combined with M (U+004d) returns Ṁ (U+1e40), but Ṁ (U+1e40) is not on the default system code page (1252) of the French (France) language you specified. This may cause compatibility problems in non-Unicode applications.
    WARNING: The dead key ˙ (U+02d9) when combined with R (U+0052) returns Ṙ (U+1e58), but Ṙ (U+1e58) is not on the default system code page (1252) of the French (France) language you specified. This may cause compatibility problems in non-Unicode applications.
    WARNING: The dead key ˙ (U+02d9) when combined with S (U+0053) returns Ṡ (U+1e60), but Ṡ (U+1e60) is not on the default system code page (1252) of the French (France) language you specified. This may cause compatibility problems in non-Unicode applications.
    WARNING: The dead key ˙ (U+02d9) when combined with P (U+0050) returns Ṗ (U+1e56), but Ṗ (U+1e56) is not on the default system code page (1252) of the French (France) language you specified. This may cause compatibility problems in non-Unicode applications.
    WARNING: The dead key ˙ (U+02d9) when combined with O (U+004f) returns Ȯ (U+022e), but Ȯ (U+022e) is not on the default system code page (1252) of the French (France) language you specified. This may cause compatibility problems in non-Unicode applications.
    WARNING: The dead key ˙ (U+02d9) when combined with Z (U+005a) returns Ż (U+017b), but Ż (U+017b) is not on the default system code page (1252) of the French (France) language you specified. This may cause compatibility problems in non-Unicode applications.
    WARNING: The dead key ˙ (U+02d9) when combined with W (U+0057) returns Ẇ (U+1e86), but Ẇ (U+1e86) is not on the default system code page (1252) of the French (France) language you specified. This may cause compatibility problems in non-Unicode applications.
    WARNING: The dead key ˙ (U+02d9) when combined with D (U+0044) returns Ḋ (U+1e0a), but Ḋ (U+1e0a) is not on the default system code page (1252) of the French (France) language you specified. This may cause compatibility problems in non-Unicode applications.
    WARNING: The dead key ˙ (U+02d9) when combined with L (U+004c) returns Ŀ (U+013f), but Ŀ (U+013f) is not on the default system code page (1252) of the French (France) language you specified. This may cause compatibility problems in non-Unicode applications.
    WARNING: The dead key ˙ (U+02d9) when combined with B (U+0042) returns Ḃ (U+1e02), but Ḃ (U+1e02) is not on the default system code page (1252) of the French (France) language you specified. This may cause compatibility problems in non-Unicode applications.
    WARNING: The dead key ˙ (U+02d9) when combined with ſ (U+017f) returns ẛ (U+1e9b), but ẛ (U+1e9b) is not on the default system code page (1252) of the French (France) language you specified. This may cause compatibility problems in non-Unicode applications.
    WARNING: The dead key ˙ (U+02d9) when combined with   (U+0020) returns ˙ (U+02d9), but ˙ (U+02d9) is not on the default system code page (1252) of the French (France) language you specified. This may cause compatibility problems in non-Unicode applications.
    WARNING: The dead key / (U+002f) when combined with c (U+0063) returns ȼ (U+023c), but ȼ (U+023c) is not on the default system code page (1252) of the French (France) language you specified. This may cause compatibility problems in non-Unicode applications.
    WARNING: The dead key / (U+002f) when combined with e (U+0065) returns ɇ (U+0247), but ɇ (U+0247) is not on the default system code page (1252) of the French (France) language you specified. This may cause compatibility problems in non-Unicode applications.
    WARNING: The dead key / (U+002f) when combined with l (U+006c) returns ł (U+0142), but ł (U+0142) is not on the default system code page (1252) of the French (France) language you specified. This may cause compatibility problems in non-Unicode applications.
    WARNING: The dead key / (U+002f) when combined with = (U+003d) returns ≠ (U+2260), but ≠ (U+2260) is not on the default system code page (1252) of the French (France) language you specified. This may cause compatibility problems in non-Unicode applications.
    WARNING: The dead key / (U+002f) when combined with A (U+0041) returns Ⱥ (U+023a), but Ⱥ (U+023a) is not on the default system code page (1252) of the French (France) language you specified. This may cause compatibility problems in non-Unicode applications.
    WARNING: The dead key / (U+002f) when combined with C (U+0043) returns Ȼ (U+023b), but Ȼ (U+023b) is not on the default system code page (1252) of the French (France) language you specified. This may cause compatibility problems in non-Unicode applications.
    WARNING: The dead key / (U+002f) when combined with T (U+0054) returns Ⱦ (U+023e), but Ⱦ (U+023e) is not on the default system code page (1252) of the French (France) language you specified. This may cause compatibility problems in non-Unicode applications.
    WARNING: The dead key / (U+002f) when combined with E (U+0045) returns Ɇ (U+0246), but Ɇ (U+0246) is not on the default system code page (1252) of the French (France) language you specified. This may cause compatibility problems in non-Unicode applications.
    WARNING: The dead key / (U+002f) when combined with L (U+004c) returns Ł (U+0141), but Ł (U+0141) is not on the default system code page (1252) of the French (France) language you specified. This may cause compatibility problems in non-Unicode applications.
    WARNING: The dead key / (U+002f) when combined with < (U+003c) returns ≮ (U+226e), but ≮ (U+226e) is not on the default system code page (1252) of the French (France) language you specified. This may cause compatibility problems in non-Unicode applications.
    WARNING: The dead key / (U+002f) when combined with > (U+003e) returns ≯ (U+226f), but ≯ (U+226f) is not on the default system code page (1252) of the French (France) language you specified. This may cause compatibility problems in non-Unicode applications.
    WARNING: The dead key / (U+002f) when combined with ſ (U+017f) returns ẜ (U+1e9c), but ẜ (U+1e9c) is not on the default system code page (1252) of the French (France) language you specified. This may cause compatibility problems in non-Unicode applications.
    WARNING: The dead key / (U+002f) when combined with ⩽ (U+2a7d) returns ≰ (U+2270), but ≰ (U+2270) is not on the default system code page (1252) of the French (France) language you specified. This may cause compatibility problems in non-Unicode applications.
    WARNING: The dead key / (U+002f) when combined with ⩾ (U+2a7e) returns ≱ (U+2271), but ≱ (U+2271) is not on the default system code page (1252) of the French (France) language you specified. This may cause compatibility problems in non-Unicode applications.
    WARNING: The dead key ¯ (U+00af) when combined with y (U+0079) returns ȳ (U+0233), but ȳ (U+0233) is not on the default system code page (1252) of the French (France) language you specified. This may cause compatibility problems in non-Unicode applications.
    WARNING: The dead key ¯ (U+00af) when combined with g (U+0067) returns ḡ (U+1e21), but ḡ (U+1e21) is not on the default system code page (1252) of the French (France) language you specified. This may cause compatibility problems in non-Unicode applications.
    WARNING: The dead key ¯ (U+00af) when combined with a (U+0061) returns ā (U+0101), but ā (U+0101) is not on the default system code page (1252) of the French (France) language you specified. This may cause compatibility problems in non-Unicode applications.
    WARNING: The dead key ¯ (U+00af) when combined with e (U+0065) returns ē (U+0113), but ē (U+0113) is not on the default system code page (1252) of the French (France) language you specified. This may cause compatibility problems in non-Unicode applications.
    WARNING: The dead key ¯ (U+00af) when combined with i (U+0069) returns ī (U+012b), but ī (U+012b) is not on the default system code page (1252) of the French (France) language you specified. This may cause compatibility problems in non-Unicode applications.
    WARNING: The dead key ¯ (U+00af) when combined with u (U+0075) returns ū (U+016b), but ū (U+016b) is not on the default system code page (1252) of the French (France) language you specified. This may cause compatibility problems in non-Unicode applications.
    WARNING: The dead key ¯ (U+00af) when combined with o (U+006f) returns ō (U+014d), but ō (U+014d) is not on the default system code page (1252) of the French (France) language you specified. This may cause compatibility problems in non-Unicode applications.
    WARNING: The dead key ¯ (U+00af) when combined with Y (U+0059) returns Ȳ (U+0232), but Ȳ (U+0232) is not on the default system code page (1252) of the French (France) language you specified. This may cause compatibility problems in non-Unicode applications.
    WARNING: The dead key ¯ (U+00af) when combined with G (U+0047) returns Ḡ (U+1e20), but Ḡ (U+1e20) is not on the default system code page (1252) of the French (France) language you specified. This may cause compatibility problems in non-Unicode applications.
    WARNING: The dead key ¯ (U+00af) when combined with A (U+0041) returns Ā (U+0100), but Ā (U+0100) is not on the default system code page (1252) of the French (France) language you specified. This may cause compatibility problems in non-Unicode applications.
    WARNING: The dead key ¯ (U+00af) when combined with E (U+0045) returns Ē (U+0112), but Ē (U+0112) is not on the default system code page (1252) of the French (France) language you specified. This may cause compatibility problems in non-Unicode applications.
    WARNING: The dead key ¯ (U+00af) when combined with I (U+0049) returns Ī (U+012a), but Ī (U+012a) is not on the default system code page (1252) of the French (France) language you specified. This may cause compatibility problems in non-Unicode applications.
    WARNING: The dead key ¯ (U+00af) when combined with U (U+0055) returns Ū (U+016a), but Ū (U+016a) is not on the default system code page (1252) of the French (France) language you specified. This may cause compatibility problems in non-Unicode applications.
    WARNING: The dead key ¯ (U+00af) when combined with O (U+004f) returns Ō (U+014c), but Ō (U+014c) is not on the default system code page (1252) of the French (France) language you specified. This may cause compatibility problems in non-Unicode applications.
    WARNING: The dead key ¯ (U+00af) when combined with æ (U+00e6) returns ǣ (U+01e3), but ǣ (U+01e3) is not on the default system code page (1252) of the French (France) language you specified. This may cause compatibility problems in non-Unicode applications.
    WARNING: The dead key ~ (U+007e) when combined with y (U+0079) returns ỹ (U+1ef9), but ỹ (U+1ef9) is not on the default system code page (1252) of the French (France) language you specified. This may cause compatibility problems in non-Unicode applications.
    WARNING: The dead key ~ (U+007e) when combined with e (U+0065) returns ẽ (U+1ebd), but ẽ (U+1ebd) is not on the default system code page (1252) of the French (France) language you specified. This may cause compatibility problems in non-Unicode applications.
    WARNING: The dead key ~ (U+007e) when combined with i (U+0069) returns ĩ (U+0129), but ĩ (U+0129) is not on the default system code page (1252) of the French (France) language you specified. This may cause compatibility problems in non-Unicode applications.
    WARNING: The dead key ~ (U+007e) when combined with u (U+0075) returns ũ (U+0169), but ũ (U+0169) is not on the default system code page (1252) of the French (France) language you specified. This may cause compatibility problems in non-Unicode applications.
    WARNING: The dead key ~ (U+007e) when combined with v (U+0076) returns ṽ (U+1e7d), but ṽ (U+1e7d) is not on the default system code page (1252) of the French (France) language you specified. This may cause compatibility problems in non-Unicode applications.
    WARNING: The dead key ~ (U+007e) when combined with - (U+002d) returns ≃ (U+2243), but ≃ (U+2243) is not on the default system code page (1252) of the French (France) language you specified. This may cause compatibility problems in non-Unicode applications.
    WARNING: The dead key ~ (U+007e) when combined with = (U+003d) returns ≈ (U+2248), but ≈ (U+2248) is not on the default system code page (1252) of the French (France) language you specified. This may cause compatibility problems in non-Unicode applications.
    WARNING: The dead key ~ (U+007e) when combined with Y (U+0059) returns Ỹ (U+1ef8), but Ỹ (U+1ef8) is not on the default system code page (1252) of the French (France) language you specified. This may cause compatibility problems in non-Unicode applications.
    WARNING: The dead key ~ (U+007e) when combined with E (U+0045) returns Ẽ (U+1ebc), but Ẽ (U+1ebc) is not on the default system code page (1252) of the French (France) language you specified. This may cause compatibility problems in non-Unicode applications.
    WARNING: The dead key ~ (U+007e) when combined with I (U+0049) returns Ĩ (U+0128), but Ĩ (U+0128) is not on the default system code page (1252) of the French (France) language you specified. This may cause compatibility problems in non-Unicode applications.
    WARNING: The dead key ~ (U+007e) when combined with U (U+0055) returns Ũ (U+0168), but Ũ (U+0168) is not on the default system code page (1252) of the French (France) language you specified. This may cause compatibility problems in non-Unicode applications.
    WARNING: The dead key ~ (U+007e) when combined with V (U+0056) returns Ṽ (U+1e7c), but Ṽ (U+1e7c) is not on the default system code page (1252) of the French (France) language you specified. This may cause compatibility problems in non-Unicode applications.
    WARNING: The dead key ~ (U+007e) when combined with - (U+002d) returns ≃ (U+2243), but ≃ (U+2243) is not on the default system code page (1252) of the French (France) language you specified. This may cause compatibility problems in non-Unicode applications.
    WARNING: The dead key ~ (U+007e) when combined with < (U+003c) returns ≲ (U+2272), but ≲ (U+2272) is not on the default system code page (1252) of the French (France) language you specified. This may cause compatibility problems in non-Unicode applications.
    WARNING: The dead key ~ (U+007e) when combined with > (U+003e) returns ≳ (U+2273), but ≳ (U+2273) is not on the default system code page (1252) of the French (France) language you specified. This may cause compatibility problems in non-Unicode applications.
    WARNING: The dead key ˚ (U+02da) when combined with y (U+0079) returns ẙ (U+1e99), but ẙ (U+1e99) is not on the default system code page (1252) of the French (France) language you specified. This may cause compatibility problems in non-Unicode applications.
    WARNING: The dead key ˚ (U+02da) when combined with u (U+0075) returns ů (U+016f), but ů (U+016f) is not on the default system code page (1252) of the French (France) language you specified. This may cause compatibility problems in non-Unicode applications.
    WARNING: The dead key ˚ (U+02da) when combined with w (U+0077) returns ẘ (U+1e98), but ẘ (U+1e98) is not on the default system code page (1252) of the French (France) language you specified. This may cause compatibility problems in non-Unicode applications.
    WARNING: The dead key ˚ (U+02da) when combined with U (U+0055) returns Ů (U+016e), but Ů (U+016e) is not on the default system code page (1252) of the French (France) language you specified. This may cause compatibility problems in non-Unicode applications.
    WARNING: The dead key ˚ (U+02da) when combined with   (U+0020) returns ˚ (U+02da), but ˚ (U+02da) is not on the default system code page (1252) of the French (France) language you specified. This may cause compatibility problems in non-Unicode applications.
    WARNING: The dead key ˘ (U+02d8) when combined with g (U+0067) returns ğ (U+011f), but ğ (U+011f) is not on the default system code page (1252) of the French (France) language you specified. This may cause compatibility problems in non-Unicode applications.
    WARNING: The dead key ˘ (U+02d8) when combined with a (U+0061) returns ă (U+0103), but ă (U+0103) is not on the default system code page (1252) of the French (France) language you specified. This may cause compatibility problems in non-Unicode applications.
    WARNING: The dead key ˘ (U+02d8) when combined with e (U+0065) returns ĕ (U+0115), but ĕ (U+0115) is not on the default system code page (1252) of the French (France) language you specified. This may cause compatibility problems in non-Unicode applications.
    WARNING: The dead key ˘ (U+02d8) when combined with i (U+0069) returns ĭ (U+012d), but ĭ (U+012d) is not on the default system code page (1252) of the French (France) language you specified. This may cause compatibility problems in non-Unicode applications.
    WARNING: The dead key ˘ (U+02d8) when combined with u (U+0075) returns ŭ (U+016d), but ŭ (U+016d) is not on the default system code page (1252) of the French (France) language you specified. This may cause compatibility problems in non-Unicode applications.
    WARNING: The dead key ˘ (U+02d8) when combined with o (U+006f) returns ŏ (U+014f), but ŏ (U+014f) is not on the default system code page (1252) of the French (France) language you specified. This may cause compatibility problems in non-Unicode applications.
    WARNING: The dead key ˘ (U+02d8) when combined with G (U+0047) returns Ğ (U+011e), but Ğ (U+011e) is not on the default system code page (1252) of the French (France) language you specified. This may cause compatibility problems in non-Unicode applications.
    WARNING: The dead key ˘ (U+02d8) when combined with A (U+0041) returns Ă (U+0102), but Ă (U+0102) is not on the default system code page (1252) of the French (France) language you specified. This may cause compatibility problems in non-Unicode applications.
    WARNING: The dead key ˘ (U+02d8) when combined with E (U+0045) returns Ĕ (U+0114), but Ĕ (U+0114) is not on the default system code page (1252) of the French (France) language you specified. This may cause compatibility problems in non-Unicode applications.
    WARNING: The dead key ˘ (U+02d8) when combined with I (U+0049) returns Ĭ (U+012c), but Ĭ (U+012c) is not on the default system code page (1252) of the French (France) language you specified. This may cause compatibility problems in non-Unicode applications.
    WARNING: The dead key ˘ (U+02d8) when combined with U (U+0055) returns Ŭ (U+016c), but Ŭ (U+016c) is not on the default system code page (1252) of the French (France) language you specified. This may cause compatibility problems in non-Unicode applications.
    WARNING: The dead key ˘ (U+02d8) when combined with O (U+004f) returns Ŏ (U+014e), but Ŏ (U+014e) is not on the default system code page (1252) of the French (France) language you specified. This may cause compatibility problems in non-Unicode applications.
    WARNING: The dead key ˘ (U+02d8) when combined with   (U+0020) returns ˘ (U+02d8), but ˘ (U+02d8) is not on the default system code page (1252) of the French (France) language you specified. This may cause compatibility problems in non-Unicode applications.
    WARNING: The dead key ß (U+00df) when combined with ’ (U+2019) returns ʼ (U+02bc), but ʼ (U+02bc) is not on the default system code page (1252) of the French (France) language you specified. This may cause compatibility problems in non-Unicode applications.
    WARNING: The dead key ß (U+00df) when combined with c (U+0063) returns θ (U+03b8), but θ (U+03b8) is not on the default system code page (1252) of the French (France) language you specified. This may cause compatibility problems in non-Unicode applications.
    WARNING: The dead key ß (U+00df) when combined with e (U+0065) returns ə (U+0259), but ə (U+0259) is not on the default system code page (1252) of the French (France) language you specified. This may cause compatibility problems in non-Unicode applications.
    WARNING: The dead key ß (U+00df) when combined with n (U+006e) returns ŋ (U+014b), but ŋ (U+014b) is not on the default system code page (1252) of the French (France) language you specified. This may cause compatibility problems in non-Unicode applications.
    WARNING: The dead key ß (U+00df) when combined with j (U+006a) returns ĳ (U+0133), but ĳ (U+0133) is not on the default system code page (1252) of the French (France) language you specified. This may cause compatibility problems in non-Unicode applications.
    WARNING: The dead key ß (U+00df) when combined with   (U+202f) returns   (U+2003), but   (U+2003) is not on the default system code page (1252) of the French (France) language you specified. This may cause compatibility problems in non-Unicode applications.
    WARNING: The dead key ß (U+00df) when combined with C (U+0043) returns ϴ (U+03f4), but ϴ (U+03f4) is not on the default system code page (1252) of the French (France) language you specified. This may cause compatibility problems in non-Unicode applications.
    WARNING: The dead key ß (U+00df) when combined with E (U+0045) returns Ə (U+018f), but Ə (U+018f) is not on the default system code page (1252) of the French (France) language you specified. This may cause compatibility problems in non-Unicode applications.
    WARNING: The dead key ß (U+00df) when combined with N (U+004e) returns Ŋ (U+014a), but Ŋ (U+014a) is not on the default system code page (1252) of the French (France) language you specified. This may cause compatibility problems in non-Unicode applications.
    WARNING: The dead key ß (U+00df) when combined with S (U+0053) returns ẞ (U+1e9e), but ẞ (U+1e9e) is not on the default system code page (1252) of the French (France) language you specified. This may cause compatibility problems in non-Unicode applications.
    WARNING: The dead key ß (U+00df) when combined with J (U+004a) returns Ĳ (U+0132), but Ĳ (U+0132) is not on the default system code page (1252) of the French (France) language you specified. This may cause compatibility problems in non-Unicode applications.
    WARNING: The dead key ß (U+00df) when combined with ’ (U+2019) returns ʼ (U+02bc), but ʼ (U+02bc) is not on the default system code page (1252) of the French (France) language you specified. This may cause compatibility problems in non-Unicode applications.
    WARNING: The dead key ß (U+00df) when combined with ‘ (U+2018) returns ʻ (U+02bb), but ʻ (U+02bb) is not on the default system code page (1252) of the French (France) language you specified. This may cause compatibility problems in non-Unicode applications.
    WARNING: The dead key ß (U+00df) when combined with ſ (U+017f) returns ẞ (U+1e9e), but ẞ (U+1e9e) is not on the default system code page (1252) of the French (France) language you specified. This may cause compatibility problems in non-Unicode applications.
    WARNING: The dead key ᵉ (U+1d49) when combined with - (U+002d) returns ⁻ (U+207b), but ⁻ (U+207b) is not on the default system code page (1252) of the French (France) language you specified. This may cause compatibility problems in non-Unicode applications.
    WARNING: The dead key ᵉ (U+1d49) when combined with = (U+003d) returns ⁼ (U+207c), but ⁼ (U+207c) is not on the default system code page (1252) of the French (France) language you specified. This may cause compatibility problems in non-Unicode applications.
    WARNING: The dead key ᵉ (U+1d49) when combined with + (U+002b) returns ⁺ (U+207a), but ⁺ (U+207a) is not on the default system code page (1252) of the French (France) language you specified. This may cause compatibility problems in non-Unicode applications.
    WARNING: The dead key ᵉ (U+1d49) when combined with ( (U+0028) returns ⁽ (U+207d), but ⁽ (U+207d) is not on the default system code page (1252) of the French (France) language you specified. This may cause compatibility problems in non-Unicode applications.
    WARNING: The dead key ᵉ (U+1d49) when combined with ) (U+0029) returns ⁾ (U+207e), but ⁾ (U+207e) is not on the default system code page (1252) of the French (France) language you specified. This may cause compatibility problems in non-Unicode applications.
    WARNING: The dead key ᵉ (U+1d49) when combined with 8 (U+0038) returns ⁸ (U+2078), but ⁸ (U+2078) is not on the default system code page (1252) of the French (France) language you specified. This may cause compatibility problems in non-Unicode applications.
    WARNING: The dead key ᵉ (U+1d49) when combined with 9 (U+0039) returns ⁹ (U+2079), but ⁹ (U+2079) is not on the default system code page (1252) of the French (France) language you specified. This may cause compatibility problems in non-Unicode applications.
    WARNING: The dead key ᵉ (U+1d49) when combined with 0 (U+0030) returns ⁰ (U+2070), but ⁰ (U+2070) is not on the default system code page (1252) of the French (France) language you specified. This may cause compatibility problems in non-Unicode applications.
    WARNING: The dead key ᵉ (U+1d49) when combined with 6 (U+0036) returns ⁶ (U+2076), but ⁶ (U+2076) is not on the default system code page (1252) of the French (France) language you specified. This may cause compatibility problems in non-Unicode applications.
    WARNING: The dead key ᵉ (U+1d49) when combined with 7 (U+0037) returns ⁷ (U+2077), but ⁷ (U+2077) is not on the default system code page (1252) of the French (France) language you specified. This may cause compatibility problems in non-Unicode applications.
    WARNING: The dead key ᵉ (U+1d49) when combined with 4 (U+0034) returns ⁴ (U+2074), but ⁴ (U+2074) is not on the default system code page (1252) of the French (France) language you specified. This may cause compatibility problems in non-Unicode applications.
    WARNING: The dead key ᵉ (U+1d49) when combined with 5 (U+0035) returns ⁵ (U+2075), but ⁵ (U+2075) is not on the default system code page (1252) of the French (France) language you specified. This may cause compatibility problems in non-Unicode applications.
    WARNING: The dead key ᵉ (U+1d49) when combined with - (U+002d) returns ⁻ (U+207b), but ⁻ (U+207b) is not on the default system code page (1252) of the French (France) language you specified. This may cause compatibility problems in non-Unicode applications.
    WARNING: The dead key ᵉ (U+1d49) when combined with   (U+0020) returns ᵉ (U+1d49), but ᵉ (U+1d49) is not on the default system code page (1252) of the French (France) language you specified. This may cause compatibility problems in non-Unicode applications.
    WARNING: The dead key ˇ (U+02c7) when combined with k (U+006b) returns ǩ (U+01e9), but ǩ (U+01e9) is not on the default system code page (1252) of the French (France) language you specified. This may cause compatibility problems in non-Unicode applications.
    WARNING: The dead key ˇ (U+02c7) when combined with h (U+0068) returns ȟ (U+021f), but ȟ (U+021f) is not on the default system code page (1252) of the French (France) language you specified. This may cause compatibility problems in non-Unicode applications.
    WARNING: The dead key ˇ (U+02c7) when combined with g (U+0067) returns ǧ (U+01e7), but ǧ (U+01e7) is not on the default system code page (1252) of the French (France) language you specified. This may cause compatibility problems in non-Unicode applications.
    WARNING: The dead key ˇ (U+02c7) when combined with a (U+0061) returns ǎ (U+01ce), but ǎ (U+01ce) is not on the default system code page (1252) of the French (France) language you specified. This may cause compatibility problems in non-Unicode applications.
    WARNING: The dead key ˇ (U+02c7) when combined with c (U+0063) returns č (U+010d), but č (U+010d) is not on the default system code page (1252) of the French (France) language you specified. This may cause compatibility problems in non-Unicode applications.
    WARNING: The dead key ˇ (U+02c7) when combined with t (U+0074) returns ť (U+0165), but ť (U+0165) is not on the default system code page (1252) of the French (France) language you specified. This may cause compatibility problems in non-Unicode applications.
    WARNING: The dead key ˇ (U+02c7) when combined with e (U+0065) returns ě (U+011b), but ě (U+011b) is not on the default system code page (1252) of the French (France) language you specified. This may cause compatibility problems in non-Unicode applications.
    WARNING: The dead key ˇ (U+02c7) when combined with i (U+0069) returns ǐ (U+01d0), but ǐ (U+01d0) is not on the default system code page (1252) of the French (France) language you specified. This may cause compatibility problems in non-Unicode applications.
    WARNING: The dead key ˇ (U+02c7) when combined with n (U+006e) returns ň (U+0148), but ň (U+0148) is not on the default system code page (1252) of the French (France) language you specified. This may cause compatibility problems in non-Unicode applications.
    WARNING: The dead key ˇ (U+02c7) when combined with u (U+0075) returns ǔ (U+01d4), but ǔ (U+01d4) is not on the default system code page (1252) of the French (France) language you specified. This may cause compatibility problems in non-Unicode applications.
    WARNING: The dead key ˇ (U+02c7) when combined with r (U+0072) returns ř (U+0159), but ř (U+0159) is not on the default system code page (1252) of the French (France) language you specified. This may cause compatibility problems in non-Unicode applications.
    WARNING: The dead key ˇ (U+02c7) when combined with o (U+006f) returns ǒ (U+01d2), but ǒ (U+01d2) is not on the default system code page (1252) of the French (France) language you specified. This may cause compatibility problems in non-Unicode applications.
    WARNING: The dead key ˇ (U+02c7) when combined with j (U+006a) returns ǰ (U+01f0), but ǰ (U+01f0) is not on the default system code page (1252) of the French (France) language you specified. This may cause compatibility problems in non-Unicode applications.
    WARNING: The dead key ˇ (U+02c7) when combined with d (U+0064) returns ď (U+010f), but ď (U+010f) is not on the default system code page (1252) of the French (France) language you specified. This may cause compatibility problems in non-Unicode applications.
    WARNING: The dead key ˇ (U+02c7) when combined with l (U+006c) returns ľ (U+013e), but ľ (U+013e) is not on the default system code page (1252) of the French (France) language you specified. This may cause compatibility problems in non-Unicode applications.
    WARNING: The dead key ˇ (U+02c7) when combined with K (U+004b) returns Ǩ (U+01e8), but Ǩ (U+01e8) is not on the default system code page (1252) of the French (France) language you specified. This may cause compatibility problems in non-Unicode applications.
    WARNING: The dead key ˇ (U+02c7) when combined with H (U+0048) returns Ȟ (U+021e), but Ȟ (U+021e) is not on the default system code page (1252) of the French (France) language you specified. This may cause compatibility problems in non-Unicode applications.
    WARNING: The dead key ˇ (U+02c7) when combined with G (U+0047) returns Ǧ (U+01e6), but Ǧ (U+01e6) is not on the default system code page (1252) of the French (France) language you specified. This may cause compatibility problems in non-Unicode applications.
    WARNING: The dead key ˇ (U+02c7) when combined with A (U+0041) returns Ǎ (U+01cd), but Ǎ (U+01cd) is not on the default system code page (1252) of the French (France) language you specified. This may cause compatibility problems in non-Unicode applications.
    WARNING: The dead key ˇ (U+02c7) when combined with C (U+0043) returns Č (U+010c), but Č (U+010c) is not on the default system code page (1252) of the French (France) language you specified. This may cause compatibility problems in non-Unicode applications.
    WARNING: The dead key ˇ (U+02c7) when combined with T (U+0054) returns Ť (U+0164), but Ť (U+0164) is not on the default system code page (1252) of the French (France) language you specified. This may cause compatibility problems in non-Unicode applications.
    WARNING: The dead key ˇ (U+02c7) when combined with E (U+0045) returns Ě (U+011a), but Ě (U+011a) is not on the default system code page (1252) of the French (France) language you specified. This may cause compatibility problems in non-Unicode applications.
    WARNING: The dead key ˇ (U+02c7) when combined with I (U+0049) returns Ǐ (U+01cf), but Ǐ (U+01cf) is not on the default system code page (1252) of the French (France) language you specified. This may cause compatibility problems in non-Unicode applications.
    WARNING: The dead key ˇ (U+02c7) when combined with N (U+004e) returns Ň (U+0147), but Ň (U+0147) is not on the default system code page (1252) of the French (France) language you specified. This may cause compatibility problems in non-Unicode applications.
    WARNING: The dead key ˇ (U+02c7) when combined with U (U+0055) returns Ǔ (U+01d3), but Ǔ (U+01d3) is not on the default system code page (1252) of the French (France) language you specified. This may cause compatibility problems in non-Unicode applications.
    WARNING: The dead key ˇ (U+02c7) when combined with R (U+0052) returns Ř (U+0158), but Ř (U+0158) is not on the default system code page (1252) of the French (France) language you specified. This may cause compatibility problems in non-Unicode applications.
    WARNING: The dead key ˇ (U+02c7) when combined with O (U+004f) returns Ǒ (U+01d1), but Ǒ (U+01d1) is not on the default system code page (1252) of the French (France) language you specified. This may cause compatibility problems in non-Unicode applications.
    WARNING: The dead key ˇ (U+02c7) when combined with D (U+0044) returns Ď (U+010e), but Ď (U+010e) is not on the default system code page (1252) of the French (France) language you specified. This may cause compatibility problems in non-Unicode applications.
    WARNING: The dead key ˇ (U+02c7) when combined with L (U+004c) returns Ľ (U+013d), but Ľ (U+013d) is not on the default system code page (1252) of the French (France) language you specified. This may cause compatibility problems in non-Unicode applications.
    WARNING: The dead key ˇ (U+02c7) when combined with   (U+0020) returns ˇ (U+02c7), but ˇ (U+02c7) is not on the default system code page (1252) of the French (France) language you specified. This may cause compatibility problems in non-Unicode applications.
    WARNING: The dead key - (U+002d) when combined with y (U+0079) returns ɏ (U+024f), but ɏ (U+024f) is not on the default system code page (1252) of the French (France) language you specified. This may cause compatibility problems in non-Unicode applications.
    WARNING: The dead key - (U+002d) when combined with h (U+0068) returns ħ (U+0127), but ħ (U+0127) is not on the default system code page (1252) of the French (France) language you specified. This may cause compatibility problems in non-Unicode applications.
    WARNING: The dead key - (U+002d) when combined with g (U+0067) returns ǥ (U+01e5), but ǥ (U+01e5) is not on the default system code page (1252) of the French (France) language you specified. This may cause compatibility problems in non-Unicode applications.
    WARNING: The dead key - (U+002d) when combined with t (U+0074) returns ŧ (U+0167), but ŧ (U+0167) is not on the default system code page (1252) of the French (France) language you specified. This may cause compatibility problems in non-Unicode applications.
    WARNING: The dead key - (U+002d) when combined with r (U+0072) returns ɍ (U+024d), but ɍ (U+024d) is not on the default system code page (1252) of the French (France) language you specified. This may cause compatibility problems in non-Unicode applications.
    WARNING: The dead key - (U+002d) when combined with z (U+007a) returns ƶ (U+01b6), but ƶ (U+01b6) is not on the default system code page (1252) of the French (France) language you specified. This may cause compatibility problems in non-Unicode applications.
    WARNING: The dead key - (U+002d) when combined with j (U+006a) returns ɉ (U+0249), but ɉ (U+0249) is not on the default system code page (1252) of the French (France) language you specified. This may cause compatibility problems in non-Unicode applications.
    WARNING: The dead key - (U+002d) when combined with d (U+0064) returns đ (U+0111), but đ (U+0111) is not on the default system code page (1252) of the French (France) language you specified. This may cause compatibility problems in non-Unicode applications.
    WARNING: The dead key - (U+002d) when combined with l (U+006c) returns ƚ (U+019a), but ƚ (U+019a) is not on the default system code page (1252) of the French (France) language you specified. This may cause compatibility problems in non-Unicode applications.
    WARNING: The dead key - (U+002d) when combined with b (U+0062) returns ƀ (U+0180), but ƀ (U+0180) is not on the default system code page (1252) of the French (France) language you specified. This may cause compatibility problems in non-Unicode applications.
    WARNING: The dead key - (U+002d) when combined with Y (U+0059) returns Ɏ (U+024e), but Ɏ (U+024e) is not on the default system code page (1252) of the French (France) language you specified. This may cause compatibility problems in non-Unicode applications.
    WARNING: The dead key - (U+002d) when combined with H (U+0048) returns Ħ (U+0126), but Ħ (U+0126) is not on the default system code page (1252) of the French (France) language you specified. This may cause compatibility problems in non-Unicode applications.
    WARNING: The dead key - (U+002d) when combined with G (U+0047) returns Ǥ (U+01e4), but Ǥ (U+01e4) is not on the default system code page (1252) of the French (France) language you specified. This may cause compatibility problems in non-Unicode applications.
    WARNING: The dead key - (U+002d) when combined with T (U+0054) returns Ŧ (U+0166), but Ŧ (U+0166) is not on the default system code page (1252) of the French (France) language you specified. This may cause compatibility problems in non-Unicode applications.
    WARNING: The dead key - (U+002d) when combined with I (U+0049) returns Ɨ (U+0197), but Ɨ (U+0197) is not on the default system code page (1252) of the French (France) language you specified. This may cause compatibility problems in non-Unicode applications.
    WARNING: The dead key - (U+002d) when combined with U (U+0055) returns Ʉ (U+0244), but Ʉ (U+0244) is not on the default system code page (1252) of the French (France) language you specified. This may cause compatibility problems in non-Unicode applications.
    WARNING: The dead key - (U+002d) when combined with R (U+0052) returns Ɍ (U+024c), but Ɍ (U+024c) is not on the default system code page (1252) of the French (France) language you specified. This may cause compatibility problems in non-Unicode applications.
    WARNING: The dead key - (U+002d) when combined with Z (U+005a) returns Ƶ (U+01b5), but Ƶ (U+01b5) is not on the default system code page (1252) of the French (France) language you specified. This may cause compatibility problems in non-Unicode applications.
    WARNING: The dead key - (U+002d) when combined with J (U+004a) returns Ɉ (U+0248), but Ɉ (U+0248) is not on the default system code page (1252) of the French (France) language you specified. This may cause compatibility problems in non-Unicode applications.
    WARNING: The dead key - (U+002d) when combined with D (U+0044) returns Đ (U+0110), but Đ (U+0110) is not on the default system code page (1252) of the French (France) language you specified. This may cause compatibility problems in non-Unicode applications.
    WARNING: The dead key - (U+002d) when combined with L (U+004c) returns Ƚ (U+023d), but Ƚ (U+023d) is not on the default system code page (1252) of the French (France) language you specified. This may cause compatibility problems in non-Unicode applications.
    WARNING: The dead key - (U+002d) when combined with B (U+0042) returns Ƀ (U+0243), but Ƀ (U+0243) is not on the default system code page (1252) of the French (France) language you specified. This may cause compatibility problems in non-Unicode applications.
    WARNING: The dead key ´ (U+00b4) when combined with k (U+006b) returns ḱ (U+1e31), but ḱ (U+1e31) is not on the default system code page (1252) of the French (France) language you specified. This may cause compatibility problems in non-Unicode applications.
    WARNING: The dead key ´ (U+00b4) when combined with g (U+0067) returns ǵ (U+01f5), but ǵ (U+01f5) is not on the default system code page (1252) of the French (France) language you specified. This may cause compatibility problems in non-Unicode applications.
    WARNING: The dead key ´ (U+00b4) when combined with c (U+0063) returns ć (U+0107), but ć (U+0107) is not on the default system code page (1252) of the French (France) language you specified. This may cause compatibility problems in non-Unicode applications.
    WARNING: The dead key ´ (U+00b4) when combined with n (U+006e) returns ń (U+0144), but ń (U+0144) is not on the default system code page (1252) of the French (France) language you specified. This may cause compatibility problems in non-Unicode applications.
    WARNING: The dead key ´ (U+00b4) when combined with m (U+006d) returns ḿ (U+1e3f), but ḿ (U+1e3f) is not on the default system code page (1252) of the French (France) language you specified. This may cause compatibility problems in non-Unicode applications.
    WARNING: The dead key ´ (U+00b4) when combined with r (U+0072) returns ŕ (U+0155), but ŕ (U+0155) is not on the default system code page (1252) of the French (France) language you specified. This may cause compatibility problems in non-Unicode applications.
    WARNING: The dead key ´ (U+00b4) when combined with s (U+0073) returns ś (U+015b), but ś (U+015b) is not on the default system code page (1252) of the French (France) language you specified. This may cause compatibility problems in non-Unicode applications.
    WARNING: The dead key ´ (U+00b4) when combined with p (U+0070) returns ṕ (U+1e55), but ṕ (U+1e55) is not on the default system code page (1252) of the French (France) language you specified. This may cause compatibility problems in non-Unicode applications.
    WARNING: The dead key ´ (U+00b4) when combined with z (U+007a) returns ź (U+017a), but ź (U+017a) is not on the default system code page (1252) of the French (France) language you specified. This may cause compatibility problems in non-Unicode applications.
    WARNING: The dead key ´ (U+00b4) when combined with v (U+0076) returns ǘ (U+01d8), but ǘ (U+01d8) is not on the default system code page (1252) of the French (France) language you specified. This may cause compatibility problems in non-Unicode applications.
    WARNING: The dead key ´ (U+00b4) when combined with w (U+0077) returns ẃ (U+1e83), but ẃ (U+1e83) is not on the default system code page (1252) of the French (France) language you specified. This may cause compatibility problems in non-Unicode applications.
    WARNING: The dead key ´ (U+00b4) when combined with l (U+006c) returns ĺ (U+013a), but ĺ (U+013a) is not on the default system code page (1252) of the French (France) language you specified. This may cause compatibility problems in non-Unicode applications.
    WARNING: The dead key ´ (U+00b4) when combined with K (U+004b) returns Ḱ (U+1e30), but Ḱ (U+1e30) is not on the default system code page (1252) of the French (France) language you specified. This may cause compatibility problems in non-Unicode applications.
    WARNING: The dead key ´ (U+00b4) when combined with G (U+0047) returns Ǵ (U+01f4), but Ǵ (U+01f4) is not on the default system code page (1252) of the French (France) language you specified. This may cause compatibility problems in non-Unicode applications.
    WARNING: The dead key ´ (U+00b4) when combined with C (U+0043) returns Ć (U+0106), but Ć (U+0106) is not on the default system code page (1252) of the French (France) language you specified. This may cause compatibility problems in non-Unicode applications.
    WARNING: The dead key ´ (U+00b4) when combined with N (U+004e) returns Ń (U+0143), but Ń (U+0143) is not on the default system code page (1252) of the French (France) language you specified. This may cause compatibility problems in non-Unicode applications.
    WARNING: The dead key ´ (U+00b4) when combined with M (U+004d) returns Ḿ (U+1e3e), but Ḿ (U+1e3e) is not on the default system code page (1252) of the French (France) language you specified. This may cause compatibility problems in non-Unicode applications.
    WARNING: The dead key ´ (U+00b4) when combined with R (U+0052) returns Ŕ (U+0154), but Ŕ (U+0154) is not on the default system code page (1252) of the French (France) language you specified. This may cause compatibility problems in non-Unicode applications.
    WARNING: The dead key ´ (U+00b4) when combined with S (U+0053) returns Ś (U+015a), but Ś (U+015a) is not on the default system code page (1252) of the French (France) language you specified. This may cause compatibility problems in non-Unicode applications.
    WARNING: The dead key ´ (U+00b4) when combined with P (U+0050) returns Ṕ (U+1e54), but Ṕ (U+1e54) is not on the default system code page (1252) of the French (France) language you specified. This may cause compatibility problems in non-Unicode applications.
    WARNING: The dead key ´ (U+00b4) when combined with Z (U+005a) returns Ź (U+0179), but Ź (U+0179) is not on the default system code page (1252) of the French (France) language you specified. This may cause compatibility problems in non-Unicode applications.
    WARNING: The dead key ´ (U+00b4) when combined with V (U+0056) returns Ǘ (U+01d7), but Ǘ (U+01d7) is not on the default system code page (1252) of the French (France) language you specified. This may cause compatibility problems in non-Unicode applications.
    WARNING: The dead key ´ (U+00b4) when combined with W (U+0057) returns Ẃ (U+1e82), but Ẃ (U+1e82) is not on the default system code page (1252) of the French (France) language you specified. This may cause compatibility problems in non-Unicode applications.
    WARNING: The dead key ´ (U+00b4) when combined with L (U+004c) returns Ĺ (U+0139), but Ĺ (U+0139) is not on the default system code page (1252) of the French (France) language you specified. This may cause compatibility problems in non-Unicode applications.
    WARNING: The dead key ´ (U+00b4) when combined with æ (U+00e6) returns ǽ (U+01fd), but ǽ (U+01fd) is not on the default system code page (1252) of the French (France) language you specified. This may cause compatibility problems in non-Unicode applications.
    WARNING: The dead key , (U+002c) when combined with t (U+0074) returns ț (U+021b), but ț (U+021b) is not on the default system code page (1252) of the French (France) language you specified. This may cause compatibility problems in non-Unicode applications.
    WARNING: The dead key , (U+002c) when combined with s (U+0073) returns ș (U+0219), but ș (U+0219) is not on the default system code page (1252) of the French (France) language you specified. This may cause compatibility problems in non-Unicode applications.
    WARNING: The dead key , (U+002c) when combined with T (U+0054) returns Ț (U+021a), but Ț (U+021a) is not on the default system code page (1252) of the French (France) language you specified. This may cause compatibility problems in non-Unicode applications.
    WARNING: The dead key , (U+002c) when combined with S (U+0053) returns Ș (U+0218), but Ș (U+0218) is not on the default system code page (1252) of the French (France) language you specified. This may cause compatibility problems in non-Unicode applications.
    WARNING: The dead key ` (U+0060) when combined with y (U+0079) returns ỳ (U+1ef3), but ỳ (U+1ef3) is not on the default system code page (1252) of the French (France) language you specified. This may cause compatibility problems in non-Unicode applications.
    WARNING: The dead key ` (U+0060) when combined with n (U+006e) returns ǹ (U+01f9), but ǹ (U+01f9) is not on the default system code page (1252) of the French (France) language you specified. This may cause compatibility problems in non-Unicode applications.
    WARNING: The dead key ` (U+0060) when combined with w (U+0077) returns ẁ (U+1e81), but ẁ (U+1e81) is not on the default system code page (1252) of the French (France) language you specified. This may cause compatibility problems in non-Unicode applications.
    WARNING: The dead key ` (U+0060) when combined with Y (U+0059) returns Ỳ (U+1ef2), but Ỳ (U+1ef2) is not on the default system code page (1252) of the French (France) language you specified. This may cause compatibility problems in non-Unicode applications.
    WARNING: The dead key ` (U+0060) when combined with N (U+004e) returns Ǹ (U+01f8), but Ǹ (U+01f8) is not on the default system code page (1252) of the French (France) language you specified. This may cause compatibility problems in non-Unicode applications.
    WARNING: The dead key ` (U+0060) when combined with W (U+0057) returns Ẁ (U+1e80), but Ẁ (U+1e80) is not on the default system code page (1252) of the French (France) language you specified. This may cause compatibility problems in non-Unicode applications.
    WARNING: The dead key ^ (U+005e) when combined with y (U+0079) returns ŷ (U+0177), but ŷ (U+0177) is not on the default system code page (1252) of the French (France) language you specified. This may cause compatibility problems in non-Unicode applications.
    WARNING: The dead key ^ (U+005e) when combined with h (U+0068) returns ĥ (U+0125), but ĥ (U+0125) is not on the default system code page (1252) of the French (France) language you specified. This may cause compatibility problems in non-Unicode applications.
    WARNING: The dead key ^ (U+005e) when combined with g (U+0067) returns ĝ (U+011d), but ĝ (U+011d) is not on the default system code page (1252) of the French (France) language you specified. This may cause compatibility problems in non-Unicode applications.
    WARNING: The dead key ^ (U+005e) when combined with c (U+0063) returns ĉ (U+0109), but ĉ (U+0109) is not on the default system code page (1252) of the French (France) language you specified. This may cause compatibility problems in non-Unicode applications.
    WARNING: The dead key ^ (U+005e) when combined with s (U+0073) returns ŝ (U+015d), but ŝ (U+015d) is not on the default system code page (1252) of the French (France) language you specified. This may cause compatibility problems in non-Unicode applications.
    WARNING: The dead key ^ (U+005e) when combined with z (U+007a) returns ẑ (U+1e91), but ẑ (U+1e91) is not on the default system code page (1252) of the French (France) language you specified. This may cause compatibility problems in non-Unicode applications.
    WARNING: The dead key ^ (U+005e) when combined with j (U+006a) returns ĵ (U+0135), but ĵ (U+0135) is not on the default system code page (1252) of the French (France) language you specified. This may cause compatibility problems in non-Unicode applications.
    WARNING: The dead key ^ (U+005e) when combined with w (U+0077) returns ŵ (U+0175), but ŵ (U+0175) is not on the default system code page (1252) of the French (France) language you specified. This may cause compatibility problems in non-Unicode applications.
    WARNING: The dead key ^ (U+005e) when combined with Y (U+0059) returns Ŷ (U+0176), but Ŷ (U+0176) is not on the default system code page (1252) of the French (France) language you specified. This may cause compatibility problems in non-Unicode applications.
    WARNING: The dead key ^ (U+005e) when combined with H (U+0048) returns Ĥ (U+0124), but Ĥ (U+0124) is not on the default system code page (1252) of the French (France) language you specified. This may cause compatibility problems in non-Unicode applications.
    WARNING: The dead key ^ (U+005e) when combined with G (U+0047) returns Ĝ (U+011c), but Ĝ (U+011c) is not on the default system code page (1252) of the French (France) language you specified. This may cause compatibility problems in non-Unicode applications.
    WARNING: The dead key ^ (U+005e) when combined with C (U+0043) returns Ĉ (U+0108), but Ĉ (U+0108) is not on the default system code page (1252) of the French (France) language you specified. This may cause compatibility problems in non-Unicode applications.
    WARNING: The dead key ^ (U+005e) when combined with S (U+0053) returns Ŝ (U+015c), but Ŝ (U+015c) is not on the default system code page (1252) of the French (France) language you specified. This may cause compatibility problems in non-Unicode applications.
    WARNING: The dead key ^ (U+005e) when combined with Z (U+005a) returns Ẑ (U+1e90), but Ẑ (U+1e90) is not on the default system code page (1252) of the French (France) language you specified. This may cause compatibility problems in non-Unicode applications.
    WARNING: The dead key ^ (U+005e) when combined with J (U+004a) returns Ĵ (U+0134), but Ĵ (U+0134) is not on the default system code page (1252) of the French (France) language you specified. This may cause compatibility problems in non-Unicode applications.
    WARNING: The dead key ^ (U+005e) when combined with W (U+0057) returns Ŵ (U+0174), but Ŵ (U+0174) is not on the default system code page (1252) of the French (France) language you specified. This may cause compatibility problems in non-Unicode applications.
    WARNING: Caps Lock is set between '*' and '0' (VK_0, ShiftStates 'Base' and 'Shift').
    WARNING: Caps Lock is set between '"' and '1' (VK_1, ShiftStates 'Base' and 'Shift').
    WARNING: Caps Lock is set between '«' and '2' (VK_2, ShiftStates 'Base' and 'Shift').
    WARNING: Caps Lock is set between '»' and '3' (VK_3, ShiftStates 'Base' and 'Shift').
    WARNING: Caps Lock is set between '(' and '4' (VK_4, ShiftStates 'Base' and 'Shift').
    WARNING: Caps Lock is set between ')' and '5' (VK_5, ShiftStates 'Base' and 'Shift').
    WARNING: Caps Lock is set between '@' and '6' (VK_6, ShiftStates 'Base' and 'Shift').
    WARNING: Caps Lock is set between '+' and '7' (VK_7, ShiftStates 'Base' and 'Shift').
    WARNING: Caps Lock is set between '-' and '8' (VK_8, ShiftStates 'Base' and 'Shift').
    WARNING: Caps Lock is set between '/' and '9' (VK_9, ShiftStates 'Base' and 'Shift').
